address,token_balance
0x774388454c92fe33e781ab535a5e9d186a4562e7,11723675.648259599
0x85220e6aa75238ba9c80353c6330ebee5142230e,3162878.7878787774
0x5e32f5f03bb4bbc8b99963456a14a2858afff6f4,2891644.0057832883
0xce4bbe02710ef5d93eb4444859a9ca5bf5ca3da9,1402794.0766447752
0xa3bcf996fd1cdd1f357b5a1eed0a39ceaaebd422,1174335.2861211027
0xa6e0d20ac83f6809c5bb6a670ed765f328a55e04,627483.100150453
0xc1142f02da903fa0dfebebccf05e1be4ab318aa1,446009.27283080865
0x4acab89b891dfb85f5aaf2d90e5dd613d15abca5,399999.9999999998
0x271d37ada69018cdd17728f6e7cd48c2e4dc148c,362833.42320381745
0x1fef895896a80e75615e65c157e49f091480eeb6,300837.6614987632
0x35a394d01c0804e83e75aaf0a03eb1e1d3f194c9,212000
0x62c24659eb65d0ef1ded876a4e939f51e70ca65d,122972.3809118161
0x0f26fe4766796c29fc125e28830805a01a6f4cf1,99999.99999999999
0xa126309595e8afca2ef826e7273e962110426a3d,98464.73306355588
0xe0707d21e392b6c2abf074996e1b88ccae95e878,70000
0xa5ea0e5f1217efa83dcd8565701222b607cd3d1f,55558.276700472656
0x026d8a3f1580b5902d2023f56884e72327c42baf,47358.64446678004
0xb19656e0e9f0cae20067e56c920e27455bd65141,41723.00000000001
0xa284e606624e60d5e218cc2061bd85ed3e4f073f,30478.421839111972
0xdb5460aadfc89000b348049c0969796153fa3501,19253.4537809409
0xf4ce6a87ee24ae7dfd1f4a0a198a4b48c587cf28,15937.573
0xf19c433c6b288e487b767595886321f89a3cbf17,15180.596999999721
0x041bd6881e73261808673e4071a07891083f0d30,8396.791092196443
0xa2af0b03aaf167cfc9624c6ef587581b6fcced92,7930.257787192487
0xa19ba4e082c39347cc69de22be0e12887f424f1f,7411.9301904908525
0x69d1bbd881817795811e3e2973716ddc98bfe9b2,7015.038899988201
0x3b0aaf6e6fcd4a7ceef8c92c32dfea9e64dc1862,5765.521199999867
0x11b919f42690e3a3fccf2b6dd1aed845f88551bf,5000
0xd0ec8cc7414f27ce85f8dece6b4a58225f273311,4687.238309996237
0xc2eb4e0a17505a60e1385d276126e2539ffc0716,4466.5453820629855
0xc584c361192b239902ba006c1b45eb10272fe595,2739.726233995223
0xab27db9e0105af3d9717b0ccef11e2cc65515609,2361.545448690548
0xd0f999f626787ba815e46bc6a713bc0bef176783,1982.27
0xf92d068c0e9345bbc36b76825f5caa431b37a763,1660.0266834794554
0x15a16f7d332326c94d995f0a5accb9bd76f65bab,1539.3385544954053
0x25537fe29873fcd62b25c639bd68dfac0a672257,1487.0000000000023
0x9efd11f51048bb7a78599e419b8111f46d08647f,1364.8789973048513
0xfb1d0a0ea5cbfde97b00719efb65fdaff172d41f,1012.2804960202294
0xa386985ab896851a2572e33abb3aab8c307e1223,999.9999964696066
0x0ed7f3223266ca1694f85c23abe06e614af3a479,944.7270214677998
0x1a743bd810dde05fa897ec41fe4d42068f7fd6b2,757.177129368887
0x31124f6124f3e5b44e5c56c44383a21490e7426d,525.0675046128524
0xbbf0a02ae7f17d19cb3e3766633e7ca33ab3b5d5,515.0000000019936
0xab80c4b191e06ec7d6cf283559f1a69683ebbb9e,498.4720277724267
0x6071057662cde08da0399ee2fb27cb59e63a8488,474.9591385502258
0x765082fc228785cd682853c3eb2bf1ff0da315fa,250.00000000000577
0x5a846031d03fe53bfcd63e0dc75d2e6aeda57198,225.90367949206276
0xfbd2b4216f422dc1eee1cff4fb64b726f099def5,223.83668151971395
0x5883841058f300351bc48f92668909ea33e56507,198.70455640356394
0xb714674bdfec94574df3425bd2325c3b9abd746b,192.3620609760837
0xe4d317fc02dbc3bf88a7d5c0d5a527444bf322b0,129.1889126484923
0xeaa9924504b1bac8668dfa58e1d2182c2d76314c,109.07850712783339
0x6e3fddab68bf1ebaf9dacf9f7907c7bc0951d1dc,108.44734303198878
0x96f49d0e9724dfd8780fa667ac37a993f005cb94,100.03367911001739
0x423706da6ca5c0585b1c0ff27e05a9d37f0399df,100
0xb317d9b4b00c7664381db8f3132c774c3c99398c,98.58329026834964
0x7ce867de8dc4865d520854e694bb84b0b693ad5f,97.09243978516896
0x2bea78610b0c968486cf60519e0ff80d3ae3dc07,97.08338254676752
0xd4257ec0c98f139aa46a87a94b62cc6800e6f84d,92.45869955521933
0x7299965410f383e526ca35a44ceac74c1749e2c7,87.60044847276386
0xfcf069d51559c68e34ed47e3cc15cb18792f115e,66.839736303356
0x0006738efc0c0c50fc46e237d553347959e802b0,60.79893831171231
0xcb39b35cac71086e38abc9dc1c787102a6d6f156,56.934663998463385
0x4aef5e6c68990922e75547f98dcfec85d89b169a,56.778841115622114
0x6198a8963cae38bf43503eaebb69b359a4ef6787,53
0xec4d91b26c2b884a41690f2e599ddec05eda51e6,50.059864636
0x0b32dfd6c41dbfb9e62252405c856457ad096f77,47.754059834799946
0x2d5f4ec7a2444d46368c5a011ab052610c176b35,46.29588785851322
0x21583866458d471eb5778484d32602321c4ff9ef,45.85391660420458
0x7faaeb778ad20777ff004d506f9315e1ad1b58a3,45.471415187190836
0x9bcd1470c7e243d8e8bc3e00812daa6ef0d10615,30.051158903670338
0xf7fc5c0bf991620778de8a874f63a94352ced799,25.909207847298664
0xf6f5fc633bedda0a601be18cb03e1d18c2176300,25.24130673771296
0xd22fae190736effc8ceb3d8845a5d33ae7805392,23
0x4b015832d6f5d1d732d848583bdbdc99c7248786,19.071917694159477
0x13e47985104c5493732b6aea82b4bcd4846f91f5,14.999328494170804
0x862b09237e2cc8a0f61264a6b8eec5a1d0d05f82,14.622802193486446
0x90a48d5cf7343b08da12e067680b4c6dbfe551be,14.305704723158124
0x0186a2f408daff779feb8b5e6901a0a79f4f7d86,13.030188565982597
0x72fadacacf499e89ccdf047d51824129b7136d42,12.085528968428637
0x8675b754342754a30a2aef474d114d8460bca19b,11.789399628672205
0x6e6f58340a2b7d3ef999bb3c09252b66874e235d,11.590451406884045
0x5b66ceb95fec5dc990c3ac629bcf92e4eb5dc110,11.26589764721233
0x1ad9c961d1c51aa00f8a3c6c72d68fcdce7f4f46,11.100558724307822
0x7d1f1199277fc3cc6494a382205c7ee4120f6953,11.056687170935849
0xf1ee65d4ec7f9ead2b256730b0007255aab78436,10
0xf67dae2fe5a810bd27f9d7764efe4b393b4635bb,9.98588847271819
0x675de202c320f5e5988bc3692a9cb32694c5e837,9.971482424025295
0xba9e1146222788c1629440b9db0105c09c970349,9.91571679000402
0x4d25711ef07f7d3db1374852bf423df36ad93843,8.99739001430131
0xefec8486bc07ebc8a612b83452555d4216ec5de9,8.14074647175784
0x72ff8412d8eade1c645bc600e85d9ada2c44238b,8.015169374235485
0xa7a93fd0a276fc1c0197a5b5623ed117786eed06,8.000000046252687
0xbb077e716a5f1f1b63ed5244ebff5214e50fec8c,6.6968302595806755
0xd81e0983e8e133d34670728406d08637374e545d,6
0x5fc6ae0a7ee27360957dcae5a3cd4397dc9b9c56,5.189147470109606
0x5f0367a6b0dd27c2c5997bbfe2ba040e9c548459,5
0x5aca08bd7fe7dc9bd6a5863a34e21f932dcc2ff8,4.992440371728273
0x553c8a6f87eb209f5eb1e5f0f1c366b397e2a7ff,4.98862198319471
0x0000aeb716a0df7a9a1aad119b772644bc089da8,4.900905609297762
0x760585d61ad9267632cf242883a066ef0889d68d,4.7724585132574635
0xc01318bab7ee1f5ba734172bf7718b5dc6ec90e1,4.462623738436262
0xe86399fe6d7007fdecb08a2ee1434ee677a04433,4
0x09e8ea7b890c8e01ae78c442e4e22c95d1038b65,3.996804305287594
0xda42842918d81fc916a850924f266ab3e8d52d77,3.3624375307513366
0x9f118e28f79c1a1208c321013401270ace6a8ef4,3.006944947460321
0x5a79311083dc82abc2de1e5639673c876cc6757e,2.9999999995145092
0x301588b75f2f098a7029cce492b32c3fe001a989,2.9972874548533577
0xe3538708d2536183c86cb218d32ec664fff63049,2.9769356271554397
0xddb1734d908af939724435dc6c954b8383073613,2.829428305822842
0x984cbe5400ca8d225f4fe2bdb0ffded1771f12cf,2.2029742709621916
0xa7111dbf8e41143117c6bbdd5e478210583387b6,2.1116826229149797
0x4ca046529641b5501e28cfa2089c6ce5bbff0385,2.045590000156713
0xcd34303a0586a2978ccde221d5dbb487f6057b25,2.0292447622768415
0xd8c1b797d2448ce9d2bb1bb1790638567a31b550,2.009956029126148
0x6dac8b392878a80c33449cb4c8a4213a5973a786,2
0xdf2739c156d6605deaca1af42f03acfc0b314e7b,2
0x4be3749a0f6557b8fd98f3967e859dbd7c694ef4,2
0x51e621536dd8fad14fee5e16039b26ba0fefb1c1,2
0x9c6825983984322a4cb7aebe1d7655caf563babc,1.98
0x9ff99514df506ef9fb2482245ff4d1ed780bc125,1.8725
0x19b3eb3af5d93b77a5619b047de0eed7115a19e7,1.6374371231180418
0x8c0a7165855c15d0ce0a63443bae3b6f2910349a,1.4938794868610816
0xa52ad032a5099d04dc4eacc2655c1916285ef10c,1.206254596012376
0x8ac3b96d118288427055ae7f62e407fc7c482f57,1.11
0x6ed96705c0e7ae2fc3016e1a570cfd2a99b95ff0,1.0924773672449195
0xbe1e7953c487e4eb47ce20a44463645831a49eaf,1.051209667
0xad66d27095c94688591a491a8325c09e58578967,1.0128714434084864
0xe48a07cad5f814a56c942643e92095a1bb92a00e,1
0xefa13f48bc38a950a3f472b6101e932e8ee972ed,1
0x86fd849aa3e02907ca7fcdd10c81eea9a1c0631d,1
0xfd940f44e44bfc8cb5846c6c739b45d07a6101d8,0.9999999999998689
0x988676bce1dc26071149d56d91dc8c5cac011949,0.999987
0x99c51d95ce4622a3ef93576244a1d476187d5a4e,0.999977642692182
0x6d5c8bf8b362bf1824c343f81d74b561a96a870b,0.8855308588872929
0xc30d8931c8318ee4811b49afe1dd5421adc869fb,0.839634913094271
0x150b714e0045ea105bd8075bd2ab38093017bc0a,0.7991652500334651
0x7d04e1a7320081f3fdfca0983df0cbb503b42db3,0.7977618178462188
0x5588eb0a15374bd89bf1cf6212b9ae5d4736cbf5,0.6354244491458642
0x9461f1e58f71ff379af2842133c025d1f48306ca,0.5
0x60001fbd7c029e1d68f41e4a3d906883e4859671,0.47065134299216294
0xac8c30347cfe44ea9b957069ec039546dff0116f,0.46611066247482985
0x9099cffd388df26f5ff8060df2534d638df5730e,0.45
0xb6ae437e37fa3612fd3fd622ee98e475ee495bfd,0.4492303947636009
0x4bbd7a1c4e57efadb5b18329173db71e8261c32a,0.443355509584298
0xd8749e8407593a319882d40cf8aa378da54d5adc,0.4391452144482386
0x771fd6c10a477bd38700e03471cda7dcf59bae94,0.4285246947490529
0x33b99ccbc84e8a87e10ec86386a7eb5ad434fb7e,0.425345990173385
0x42852559db15f23c0294da87243047c7fe463e0a,0.3910722030445527
0x3f5466e57690a941e7890b5d470d822fdccc9785,0.305310386287018
0x1f3a3b913d4edad31f82125a8807017ba1e9fc32,0.3002142606477007
0x30a68fc01925723a6ce1a8c730adf1cd044f250f,0.3
0x19a4d6928cd3b32fa4eb3962bff1abca91eb7c52,0.2715019656586385
0x0a43e410f00c88fe07cddedd8ac8bc2e8cd2c9c3,0.2
0x84005371e8c37405faf74c411671deedb41a3027,0.18532117380490853
0xe0e5648dd94b5a2b2f722c19874c6bff4ea92f9a,0.148561748977465
0x74f7b610938a4a0de3904930f02b467a80328ba9,0.126
0x6ffa8ac85b267e83ce0cc4dec60bab67c02296cf,0.10798787833154765
0x0b82ab6fc51edd63e851685314177c524fbc0ff7,0.09991393729367244
0x25cb3019da5eefcdf628758397812e44968932ac,0.09968659534282939
0xaad5356958f61299963b92a4b2f25f14a4995ab8,0.09834972506069402
0x25b0f5ce1cede8d841fe903da291578113c2a8b7,0.09433214724172877
0x6a0ebf977a81d7091aeeb61165e5a52f0bd2db4f,0.08162235557871617
0x5065a2fd7aae6bb8d88836ef1cee6c260ab01338,0.08
0xef59f0ad1be369189e7dd30fb474263a87400c73,0.07475678599844825
0x91b1930d4695fd97c457c1f3ad06f816a16324b6,0.07312360321226342
0x5518d355cddc52a723d7e982765e75661497fd05,0.050381997901611006
0x83001f74c0a07d3919abea098086995119320ec9,0.04096498863806874
0x76408905b13db638130fa561d7c41dce324c7e87,0.04081849810812928
0x93dac074969bc22df0bd910a3ab6ba233f988e2c,0.02
0xc2aab5becede94013e2feabce36031a7e55e35cc,0.02
0xaac6ffa806176c08264f3cea147f56eb308dcdac,0.01999999994114867
0x24bfc715412017922282edfe0d40d06755a68c79,0.016661860996612095
0xd25215758734dd3ade497ce04de1c35820964126,0.015958489939574785
0xfaa4354ffcf5bc0f2e70a56949b11f1d8207f68c,0.015930788794296113
0x8d9bfad5c8c6da6a8f58b2cddb31c1749ce5bfe0,0.01098509679853568
0x8500f37b5fca2447105579dc9bcd05baa9c6e7c6,0.010246978390720512
0x76769d3f48f745383b38b148eeee7755b271231a,0.010135862620717057
0x0e6897f1068b777a6038189cfeae0efbed9f24c9,0.010099999996116993
0x86b15b94ad209b792bbdf09e0f003046a6dad62e,0.01
0x5cd29eedd6f03bf60e087cb52adca595cb1a68af,0.01
0x30065f7a605190de46dea0da6a81e8cd93b29ac2,0.009584822695493631
0x1d50111eac559f65f15b0b113e2258ea4e82f467,0.009551691082891264
0xb733a460f7fd4fdefbd826c338c15241f93fc103,0.009467789098090497
0x5eaa91be5f3363bf35d9ffe80e2d9da585185f72,0.009090380960104448
0x08cb5aee6e3008f1032fe3f9a6ebb377c4e1e081,0.008944154855866368
0x66110a864447c305857452997e7bb974e04f7c28,0.00850691245473792
0x230747cc699d9258447909fde72dfee8c4109865,0.00820725644525568
0x06c67921dab50a8c7f7acf3c94b6662fee70a604,0.008188009744695296
0x828856cdf3b74af8f37e89b9826b09a0edec2b34,0.008054496924008447
0x2e3993cf8c79521bfb3435730fa2e48dea6a712d,0.00777839397830656
0xe2cf8c5ad55e1506744bfe531985fad3197ad4fe,0.00764005425610752
0xf632e95c24f5e774e16e656cf83aa99d08a5d1de,0.007545886284447744
0xd1a858a60bc14f20022aca023a88e3f6a8b76690,0.007378761624322048
0x769809ebf540945224162a87e809f7444a7c09bc,0.007250163131219968
0x4e390532edc01e05b1673dbaf7fcb2ef36622deb,0.00712393793470464
0xddd6c6ff3a1374ba2ebb0880026d6386c9602388,0.007109567016075264
0x901f6aeaa17b08eb69c6bdb25ebfdd1f3574cb92,0.007105389078249472
0xa3b1e23d4cbd1068ddd68095e7a166e91fd990f5,0.007061957496537088
0x4b973135e2a01015e59e595a95ac1ba5af5fec4d,0.00701371139489792
0x857b9a58a8ff082e3f9a14dd6604d3df30f584ec,0.00679103292243968
0xb1673f263b8dc6049f9306db42fbbe38e6646cba,0.006712356822319104
0x0e19e68699cddb732517491b323cab6317393605,0.006709381676662784
0x4c876e57c78799e20f2feb0e982d60155880bf56,0.006211040186466304
0xc88724977005a1f1e0e7c28a63c500233ed5fb8a,0.006082416317825024
0x2ca496cea81a358a61bbc0b8d4df788fe0099818,0.00606462803968
0x09cc2cd8479038942726db43c1764f654429536a,0.0060109208158208
0xf1f7fc12b128a8641e61735bb9fa874b6309409a,0.005961807831236608
0x5fd1d1d1aed79bd2e02774976a535720aabd8d17,0.005860898816131072
0xe9c4752b200ad14464b3a8d376ee79cc77c4a547,0.005507087983443968
0xfa1ede03e9ab786036746809b75a9ce675d4c8d0,0.005363008607879168
0x479c4b88004b253535b62529941c2044531afd07,0.005160725362245632
0xc7546b2efcb765f74d34a514b23a7cce0c06aaca,0.005107648995262464
0xfa14063fd17471ab8094b8eaeb12a7762f6eb111,0.00485857286946816
0x1151727f6580084c6bf8083ff776f80a26b58bf8,0.004587138133786624
0x9ab71e8e707649419183a2359aa92a15318d5512,0.00444893029728256
0xaf0e99693ad84c14eeb41630737d462a70e509c2,0.003993096475901952
0x8886d4668b36a1811c4b91666f8e244dbc0f66cf,0.003990824102658048
0x4ecd3c080effd791699c7dddb81a7e7525dfa34f,0.003854865453285376
0xfd52df9b677bbd17196027fa77e4b1001f570219,0.00380860889038848
0x58f16240b2b4ffc46566eb961b21bf4ac81c99dc,0.003805525942730752
0xea2ffc597b5a6f63077e952e7a5e2833a1d0a37a,0.003514783533891584
0x4a709eebba348ff6528a101d4bd5303ec676dd80,0.003447370062757888
0x9335ee83fbb148c6f1a1aa3fa00e47c93dcce359,0.003372942998110208
0xba53280c4ca24afb8a2abbe75b1b53d06a6d0ebe,0.003303121707073536
0x1a46a962b3128eb7c9e5ae65b20717b111894802,0.003251845636030464
0x7c110a4391911e30873d9465b24a313076be1cd0,0.00312893467787264
0x12877bcde21c91f6e1e485e49930ba584e6fb40a,0.00292687861252096
0xa5ac43853c7929552d7ba1c5c5c590bd9259a9f1,0.00286464831127552
0xbdb9159bda761ae49592747b12232d1963f717b6,0.002624142775943168
0xfb353ffb594c6f2c8a7cea3728edcf77ad9931cd,0.002315504396009472
0x955f8a85a8dda1885194777f354fc1e07d0bfd5d,0.002275954072223744
0x67f315eee2aedd51930f976763eadb162fb8b00d,0.002057945458147328
0xbac379eb42c247def20512e0ad05ead750020879,0.00197507481075712
0x47b4cc5235ea35a712674c683448dd48d0fa2060,0.001961228633112576
0x1746bf3e16b4bead0384ed829d4188b93ae54fec,0.001701012888879104
0xf9b2048e91a9cee35725158f8454b418f8973504,0.001637607142326272
0x603a14bc512cb00dd6dd940b51b0ff5a03e7231c,0.001611085174013952
0x1223ce4c3a9565f392483374f928a5d9cd00eebe,0.001548630565584896
0xd55165080b7b9c7de786b7c6a96dcae62c9c07c0,0.001519126140944384
0x320ca2a343db7bd65c51114dd42d14cba4dbff52,0.001494997853536256
0x6e656850056daefd2ebb1cc0a180d50beca4e21e,0.001445542573899776
0x4a70620a685a0e6775d7a2c85cfa13bd25dbac35,0.001433126947520512
0x8531a52494368cd9d8265bdafd3712ac256ec68e,0.00142526610669568
0x45ed4c9ae14b498e38a79b91b019e2de3b73a878,0.00134869573173248
0xc8e94b18ef4304a87a11b63f224879f14c558494,0.00116045647970304
0x5005a337de3affb456db3c932c6482e22c421002,0.00110000018030592
0xde086592bbe2b00cb5086403d2fa101e7998b94f,0.000820833463304192
0x29b3a7fef2de086bbd6ee5676436c9da35501cd8,0.00078195449659392
0x7cd2809801486720b8a8687b004f12da5312b0bd,0.00077114915684352
0x0efd9e068ef2d075fd0cc13129bf5b92053d4119,0.000688064168261597
0xca5fa524c8f685a4904a0fe6f45d3e3a46f98c98,0.000666098290655232
0xe7fb7ababee40e08be282669c85df374fcc6c67d,0.000514602739695616
0x7ecf5fd16481c2e84a63e7021910b19b0b9d5655,0.000391450516783104
0x72aac67f05bf241852724193bdb2d3429556e543,0.000390155372331008
0x05d55a33ab2e52a7e78f1ee2af7a5a95d0692e2d,0.000376109091258368
0x2bc9454db43975338ac8f05082fe3e291091b053,0.00035886392672256
0xc1ff21c2d956ec543732460b86d9b5b3d0c15256,0.00028909290651648
0xa4fe63d4169fd62efe4915756da08c3ff7fc6897,0.00018376964440064
0xc8fc0521a9d97de1e779f25375461dab9406c51f,0.000165099985698816
0x7a0a60a82a6508523b4e18cd84b637193592b62c,0.000160053566898176
0x0ebfbd56048342305f337179239cab14fd4cca91,0.00011035993964544
0xbf6618c709d4adb8714824a7492ea8ef4f0f8678,0.000061928865005568
0xe63d24214d846bbb6aec51f15dd684941330e6ef,0.00006030769422336
0x709e6c472bee0eca1e955138532bd31029aff3e8,0.000050045548756992
0x6d66f490661016c480a3e9f19f82fff18aab5c22,0.000046831833710592
0xc1cd6407626dd8f74cb5d1f6c656eb056fac9a56,0.00003995109163008
0x2794d0eb043f4c8ea12dd9a14c2d3176efb9890f,0.00002597647286272
0x9f6be6d90f28a9faf75d7197757ef112843b880f,0.000004288524845056
0xfef6efdb7cd6cd94a5bd43e4ca545ffe35e4f1f1,9.97858476032e-7
0xe983998ee26ce4b42510522d8d9c713dfe448dd1,9.54556481536e-7
0x83187eece14abbe704b66651ab72e40670eab50d,8.85455323136e-7
0x7a4c2448eeb7a0bc297ed47c332d1a528b5a29bc,8.7946166272e-7
0x6af71a3723d3c0ed69f84ee259c9de3019c2a77c,8.13829193728e-7
0x5b04b8cbccd240aa0a8cc8e5f506022a42c603cc,6.84518088704e-7
0x4d51e3771bde9e41621c6c030b1e0ccb0073948a,6.57618632704e-7
0xe78d6174fe427017a8a70a2ffa5b754f36b7ef2d,6.0018655232e-7
0xe96cb6e72a74fc0bb7aaa8a63c2eff8adc4ce52d,5.7548865536e-7
0xbca315bbfb376f99e3ac2df63c3c6422574f7caa,4.69671727104e-7
0x1c5ac9073325ecc1d34f03bf9d66fa48500a81fc,4.33389043712e-7
0x657ff924a069048012a2c52287c0ab55e752f6b5,3.37310121984e-7
0xf1bbcaa67467dc01681edac035bd81e6cf7bfe39,3.1545360384e-7
0xf56996fa045726564674c6ddf02e8e5e7b7af5a7,2.84797435904e-7
0xc50cd1da00786df0a1a16b1e7886be4d0112569b,2.26878291968e-7
0xc89657cc18c66ffc01d758ed42e61f28c6be43aa,2.5769803776e-8
0x99926ab8e1b589500ae87977632f13cf7f70f242,1.2884901888e-8
0x1e57178029f1b90bcfd86431f11ddb918df7f50b,5.905580032e-9
0x3ee2fde48e84bf110b563a5248b50ca6db4884c6,4.294967296e-9
0x6a67e07aebde20100e5d61883e21443b201a57df,4.294967296e-9
0x9a6c741c95a138e6de1f3464a0ab6166926abfaa,3.221225472e-9
0x84a917f50b16d1564d53ac85c63d7c48b645d87d,2.415919104e-9
0xf240032f25611875b1de3fd364a1a4bb5e386cb1,2.342754688e-9
0x858cc41ad615905b2f8e2024e0aae184dd61d6ee,2.2249472e-9
0xb1bd5762faf7d6f86f965a3ff324bd81bb746d00,2.147483648e-9
0xa9336a684d2088503ed1cf782044a93119b1ef37,2.147483648e-9
0x324c0cbdeb97d58096d630176b1b247684d534cb,2.147483648e-9
0x34cafa03d9750124102059ee35619a9c5d5af7df,2.147483648e-9
0x329822f06152bee7b6ef463e9499c9a3e7f2dc72,2.147483648e-9
0xc95368c69ebc23ab4035df774ddb5c2c88576bf5,2.075164672e-9
0xdb6e9e7390e9acc34619e56efa48ade01cff6f12,1.610612736e-9
0xd196248aa5582485adf743c1ba22ef4c1f5d068a,1.610612736e-9
0x65ac5c8fc904ebc00140fdd59f9f63183cccc107,1.423683655e-9
0xa40c926f29e3189a955dc848f17300e08a0ed402,1.073741824e-9
0x72edc9646644aca38cab3299e531517a173f0d17,1.073741824e-9
0x635fa9b57a9888ffe624323e547fdfbad1a74606,6.37534208e-10
0xc69101e2640a7183b8633ddcc4db42cc99863093,5.36870912e-10
0x9afdabf77b7e56c1f7e8cb9eea191b5277b14e74,5.36870912e-10
0x2e6bc6be77ee697844f84052a3839f91c37a3056,5.36870912e-10
0xbd8b59c17f0fcdb6486f4c604174eab5a8877c6a,5.36870912e-10
0x933f1195680cc217cab8f563e5f73c30184ed5a1,5.36870912e-10
0x36150b368809497afc0a51896e226b53576fce84,5.36870912e-10
0xf195e5f7f3562805cf50012bf16f2138760a3b52,5.36870912e-10
0xf1dc29d34049d4272c2a74ad91bac8fa26332af9,5.36870912e-10
0x6bcb60698bed7f1206c2b2cef8e0a182c110df65,5.36870912e-10
0xaa5aa02420b6d785a3afed7b4df1f5c28560640b,4.69762048e-10
0x2a55ec3d1da74338f70067ea808d2bc338586761,4.128768e-10
0x9cddc8c2df0e8ce4c81891b912209d6090a21072,4.02653184e-10
0xeb528631afefd84c69a20e6d270adf9bebbd4e38,4.02653184e-10
0x6643b58dd8528171ef7e5f748bb33f949fe37a6a,3.3554432e-10
0x1ec24466a9653bd3efa49729eb5d36db420b5f61,3.3554432e-10
0x6e0a1ddad894e6466d405bb73377f0a257278d74,2.68435456e-10
0x3d28383aedeefe3dc14c93c96d6ceeb975e1a1ea,2.68435456e-10
0x602674a7af7931374e6af77ab9eb98ad79b016d4,2.68435456e-10
0x1cec48703bd19d4e3873f8d8a47aa0d9df2ea4bc,2.68435456e-10
0x7060d240982fc0ebc5a0d5b78bbb7b4371395e22,2.68435456e-10
0xbe6b94e2cd07394ba445f9981bb183f28f0c5cb7,2.68435456e-10
0xf2ef3646191ee0c51695abad3d46860aae23b42a,2.68435456e-10
0x505d5a8c6f2240ab680240a6060b4375728e532a,2.68435456e-10
0xafebb78345ebd1d30352c679e980afc7da315134,2.68435456e-10
0xdad26c932e712cc03c5626637deddc7309908368,2.68435456e-10
0x599a8ee6d44c100af5be38b574923db0eb54126e,2.68435456e-10
0x180daa8a8bfab39dc5fdd510fb43b31428fd559c,2.68435456e-10
0xd4f7056a64b158d229700d188b6b88757a8a5b39,2.68435456e-10
0x11ec0ef73b7ade71f42af1aae1350fa71b787e44,2.18103808e-10
0x238a2805f31b7b45b00f96094e70c75512827fc5,2.01326592e-10
0x99d6d7304cfe177123212edd73fbafa99314c301,2.01326592e-10
0x71e4f98e8f20c88112489de3dded4489802a3a87,2.01326592e-10
0x811a5b3d7e4fc7e645011b42fd1e1339de715b74,1.84549376e-10
0xeb0cda1a52f9ac0bd5293bd65b52ed07168e1e8e,1.50208512e-10
0x43d0d0b560a2147b0d129c8af48b7d68d7d4456b,1.34217728e-10
0x7bade31621e8a7bd3795633501f167f81718f0f8,1.34217728e-10
0xeb47f4b24c2814fac3aeeebe1437123bb9a61807,1.34217728e-10
0x8d3b0d586b0bc51d94dabc5ac47973444d727413,1.34217728e-10
0x340ea6ed86765e2d09b6b57cbb42032107022ff0,1.34217728e-10
0xc77a25e041b8a97847fe6aa71e373893a05c1bfd,1.34217728e-10
0x6459104d7be854ca578a4dcb5ef901c31ae0c946,1.34217728e-10
0xbb182d047e794a7190f1e7205b5e4a7f6d66916a,1.34217728e-10
0xeaeb0b27e39f1220ca6694edc282e634fc154993,1.34217728e-10
0xd8c25a74c54b815f50f200c29e2bba9d812854b1,1.34217728e-10
0x458eadbf542f1285407bcb327cbeecad2a8c91dc,1.34217728e-10
0x480307066b2d5ece01fb713b4bb4c56407c2b8e2,1.34217728e-10
0xe0e649d8ded8de82a0c5e55e0fc00895432cb34d,1.34217728e-10
0x9acfc71e2b5ab2a5a9290ad96313dd488908804e,1.34217728e-10
0xca04c9e0bf9b481cee2b471844414781cddc41e6,1.34217728e-10
0x5201bdbeff2178e0a4c18a1c9280ef56739fb51d,1.34217728e-10
0xea03e659a2e59c3715c6517afe58541be162161a,1.34217728e-10
0x74454c72bf977e193c3395087aa5a8f1c85660e4,1.34217728e-10
0x2289eeed0acbc28919a073419e6c337d213ca72b,1.00663296e-10
0x0a95a75d20a71d1495167c9cd3c3fc52a151ee0e,7.9691776e-11
0x77b3898979f3947d8bfc931e6b6389a99d6727a9,6.7108864e-11
0x0fcfa05b522011ba0bd71b49fa76c316ebf1dbb9,6.7108864e-11
0xa1db63318fffa949bf4754b4e941dbeff5ae753b,6.7108864e-11
0xa3af266718021828f00a67d48dde9389cc8b61d3,6.7108864e-11
0x3d068191557793feb916c6fbe4670a1c91648bd0,6.7108864e-11
0x2af5ed32d9ac29c9c9e25ff865da79b597cd02e7,6.7108864e-11
0xc34714ebf3a5cc702aa46e1706f535ae5337e668,6.7108864e-11
0xd8c60ce65f2e23f0548fcf2e87dbfc279ddae8bf,6.7108864e-11
0xd566374304963e5374b4182ef9545c327d42deac,6.7108864e-11
0x0fbe15f4a97dd60975ed8c1201e17126e146a44e,6.7108864e-11
0x045123be2edb33bd9dcb30b963cb39d3b70782fa,6.7108864e-11
0x2c643e2bee1800df83081c8a7288c0b5a9cb9e1a,6.7108864e-11
0x33edb56f2330a3ea91d90363f0048de3cf7630c0,6.7108864e-11
0xf28faa46d3bb66a915524fea2bcb01f9273782d1,6.7108864e-11
0xd72957cc0c33cc02f0761e42739438971907a841,5.4788096e-11
0x7c9b3b342407bf200deacc3def630fd340169c0a,5.0331648e-11
0xb602facd3da8626b6a39e340ae13e6a3309944e6,5.0331648e-11
0x63ee75bae93489adffc29e36a59d187a67ade474,5.0331648e-11
0xad4952aed3e12110e7e6f35835fe1cf9caf4a32b,4.194304e-11
0x3dc9a881fc9cc64730ae52b0ea9c3917ab901e40,4.194304e-11
0xf7a456f6a08513c8dc526a636ffe4116a1dfe11b,3.8797312e-11
0xecc54df84a2bacb5263b36cf4511edacff7b4383,3.3554432e-11
0x5045c7eaa5f25443ac297f84fe8793384139c1a2,3.3554432e-11
0xccbaf7a33f3451c2db1ad7a45e32850273ea4aa0,3.3554432e-11
0x15110b7b1ce11152d083e9056413774f4af7c0ad,3.3554432e-11
0x6a5c56c746118d19ad67123bbcb79b2f807c271f,3.3554432e-11
0x405dbf6606336ab3d6574f78eddfa68038e9f9a1,3.3554432e-11
0x4a088c3f234ee35c4d498ea06475bcc42a21c701,3.3554432e-11
0xdaad033cc62271551a7dde9f1ac2f073303123c8,3.3554432e-11
0x24201ecd8b3f062215640b8c0740c4e892c091e3,3.3554432e-11
0x2980af46bdf933927d8c8dac062389656a4e22b2,3.3554432e-11
0x6d8bb6b8ae5b355139f2859dbd297b0e1c6e5c96,3.3554432e-11
0x43b1788323b06ef0334166c084fc3cb44ee99b2f,3.3554432e-11
0x3b591ee261abec719425e01ce047d0f070e108a6,3.3554432e-11
0x977266df56e36c994fcd59155ce0005ad1901ce3,3.3554432e-11
0xae7bfdb74bbb94695e07d9a05c4259a5cf9c7374,2.9360128e-11
0x93f025da60d78150213eeb2face0e6cec2a373d5,2.5165824e-11
0xcbbf0eb5479b04785c5e7c75d5ef98b02acffa02,2.5165824e-11
0x170c911875507bf7d8ed99d09278164db7f4a48e,2.5165824e-11
0xb18d844f3578ead22791b5c67f7b6af93266804e,1.6777218e-11
0xb8af5e4cd9f17572ab8921dbc5f8caac4118ef3f,1.6777216e-11
0x101a25dcbbb7a3394ac9e27ffa32963504c30d26,1.6777216e-11
0xe48c6389f74b9ace0df60c87b1bc9d849208721a,1.6777216e-11
0xddf78644b4f7788e8a407b17c31cd1d04e72430c,1.6777216e-11
0x2fade75d110b8f3149396af1ca1c7d6905f8695c,1.6777216e-11
0x4b6fd4c9961e037ac1425bf903d992d90931b542,1.6777216e-11
0x00cdb261df944648b054e0dc669fa4402adb3f9b,1.6777216e-11
0xb235e3c093119ad79e60e740916a4a6f2003d5ad,1.6777216e-11
0x9941e00c0b8cc3413ae3344bba3bf6807fae6241,1.6777216e-11
0xfe2950bf83a15bca5fad91e293a099d066d1bf5a,1.6777216e-11
0x25fa15b781d3378c9ee9bc50bb05d9aa802f076c,1.6777216e-11
0xcac202e7a7689aa476007024f3be0f0e26dd693b,1.6777216e-11
0x0dcfc670faf7c32937ff95598b6685b035c2be18,1.6777216e-11
0x852689f44a4ca94a0e424ead14a1bb63719314db,1.6777216e-11
0x8c764831408d9ad7198bbaa93f3072ad95d642db,1.6777216e-11
0xe0c9f4d0f4255f9adb73a8c61fed0dca579d98f6,1.6777216e-11
0x2364963e6b99281def39aeda6a8acee790d93af4,1.6777216e-11
0xce6dd4a0f922c5c05c1e02908d88e848056722ce,1.6777216e-11
0x45339a6f42cda017ccea34bceea25decfa3dcd16,1.6777216e-11
0xed3367dd7f8964208fb3e02eb7736a08b44234eb,1.6777216e-11
0x0f708c43c7948126ef7a87d2ae1996cdc3ae863f,1.6777216e-11
0x750e60ad2b6538d87999d7228519f0644a47a30e,1.6777216e-11
0x525d1997392d028185d0767f815582b81a5397fe,1.6777216e-11
0xd5002392a4a84ed615d06fe9af698b9b1584b604,1.6777216e-11
0x9e88afbe86901e81e0a3bc5545adfb1beccf883f,1.6777216e-11
0xfd4114488c1fa5a74f0a5ba845214f0b9a9b4c7a,1.6777216e-11
0xe4bddc499082dc7274b6bd4dd13aff116bcdade0,1.6777216e-11
0x49c67d7d4a1bc56bc0185b4b56a0457a675f2cf7,1.6777216e-11
0x2a64c0d3013f37480cf8267a832519b351ae12a7,1.6777216e-11
0xe0eb63b4e18ff1e646ab7e37510e6eaf287ade3d,1.1010048e-11
0x6d0c2208d34f2eca9499134dee5a2123e5eb272f,1.1010048e-11
0x4ad90d635bb7198f499010b91bbe5235db71555f,8.388608e-12
0x12793765748c6021c9b97290a8b559d777e2bb3d,8.388608e-12
0x21442d951823b3e88203eb93150e3888233f19a4,8.388608e-12
0xb00a0690d469791529185177666535d2019a3c58,8.388608e-12
0x2ab3a9577b4b10ea55a3991b0cc57eb06516f652,8.388608e-12
0x880783ab569ce65336948a535812e86d93fad2ec,8.388608e-12
0x7bfd57a922f8e40213c73dbc7528b7de8bbd0d14,8.388608e-12
0x040f3af80a6cc7ce19e4dfb2492c4120928685ef,8.388608e-12
0xb62e1fb93dad8bd6e00d37c06b2bd272682966c7,8.388608e-12
0x0a1518f439b81f8aa896113227d0ee17314ef67e,8.388608e-12
0x833c18189eb5317891c831026af746c463e126b6,8.388608e-12
0xca3d2909530f0c55c839178c267591f4bb51bc8c,8.388608e-12
0xee2142d86d6b8196d6a64c35bc3d3fd4696d3a80,8.388608e-12
0xab875a17db1982e57427763daf51ab8b698d1eaf,8.388608e-12
0xbe0239dd436ed6f43f94b6a65cc5b84e416ddf53,8.388608e-12
0x148e81bba571cdd4e73309e6f014b40511b2e479,8.388608e-12
0xfc0e744ae95e629f52b2c0ba3302cb998ff9bf45,8.388608e-12
0x23cff85cad411469ae496b8adec3169635914165,8.388608e-12
0x46954032ec20bf5c7ae04441dcfec234861b1d39,8.388608e-12
0x3c81675e6c94a067013cbe94bb528b367ca46a0f,8.388608e-12
0x27ab70f5000dcbd23b7719c0ca9028f99a1abd8d,8.388608e-12
0x892e9a9514e4a8dc4fc47ce5a8ead7974ab2bff4,7.602176e-12
0x11929300f889154a80dcf929a61d3da2faa39158,6.5536e-12
0xfeff494c22fcac1c61874835a770f4be9166acfe,6.291456e-12
0xc6835323372a4393b90bcc227c58e82d45ce4b7d,6.291456e-12
0x7c7f54dbecbf78111be806ca49ec20c8452f4119,4.194304e-12
0x88470174477d5ffa56758162781f96a85c62cdb8,4.194304e-12
0xc4b8ea818cf75a11e49bc31ca906f6705fff6c53,4.194304e-12
0x448fbfa91a767e084906f12e301dc0f425162d5f,4.194304e-12
0xb28c58edf7461c56ff36820ab9434ef799d61798,4.194304e-12
0x95cf6c1121b4c78952ed6075ffacb9faed5af1c1,4.194304e-12
0x2642e1ca036580a81f1a8991006f9e51acee9454,4.194304e-12
0x79bea6b85433bfa83324991aeba1c7d05adba18f,4.194304e-12
0x1e013b50edd0d27900e6b5b3cb074bd1aa1f22ba,4.194304e-12
0x32f1cfa3ecd87be9e46bd4a34aa38c9bc77e936e,3.145728e-12
0x68d1e02fc9cbfc4fd54b20e851850516a46b45f9,3.145728e-12
0x7e030e3321b65459c262bbf91d11605390338181,2.097152e-12
0xa4e972676775fe140cc0387d2a7a2fbfbf326549,2.097152e-12
0xabe900060ed06115ff6db79d868e65b92f3cba33,2.097152e-12
0x3a530158b86d7a440150c5096e93e7f82c93f0f7,2.097152e-12
0x0e81e6bea57c891c334f9b128d0916ccc3ef752a,2.097152e-12
0x3b95c7cd4075b72ecbc4559af99211c2b6591b2e,2.097152e-12
0xcbac6a7a8db8e9fcdb56546e1646bedbedcb0075,2.097152e-12
0x8df32d1765ab8205a9143bb0667c076efab5af60,2.097152e-12
0x0b3798b43452a76e48c08b8e92cbc2cdad378d5d,2.097152e-12
0xf9d9fa4d5565b654807f178a4b7ced31eeed11f7,2.097152e-12
0xab36cf105fddc84411557e01656cd974d8c0ce83,2.097152e-12
0x4d5e9a24c761cd42629929fae8fc95a36bed097a,1.179648e-12
0x6c6a67864373a6816632e26a5f397568319f6cc5,1.163264e-12
0xde984fa7c08f1a2fb40957fc5f8b96b10075fdbd,1.048576e-12
0x8984116795318327d32c8b70435ed5a062d41c35,1.048576e-12
0x785c4eeb7d778fc894b6f3d86e330ecef290d230,1.048576e-12
0x4d8615df7a56c88844ac86c3485e472bd5d59c15,1.048576e-12
0xe3ba619ba3bab0f3606aef1cc672a54c7ca545d5,1.048576e-12
0xb390537c0d730357801feb921bcdc2f932b86ee7,1.048576e-12
0x6930f2968fa42a383b1268465d7607fb4c16e8c8,1.048576e-12
0x0a363114a1eb617f0e58c67bfd04ae70a18d3b4d,9.17504e-13
0x6162aa1e81c665143df3d1f98bfed38dd11a42ef,7.86432e-13
0x5a61af6a8f2b44f708d5b1a83b0e91f662b7082a,7.00416e-13
0xd43a616bcd359a8ff7c878e9743cef8b64e002ee,6.5536e-13
0x1ae1a6e8a5d1c973ae2f8714b6c9c22727ae4810,5.24288e-13
0x7f9bb89bd2eef6d3b8ca3109cc1bb08a827ff71b,5.24288e-13
0xeb636de258d9df31258ed562da59c3cc66a1a1ad,5.24288e-13
0x06ec77ee41676547795a9e72febcaa8f8cbcd795,5.24288e-13
0x7762b3416a8734563e44c3171a2bbc5bea07677c,5.24288e-13
0xaeea8406fb79ed7d6300d9214b60ce21a4e1076a,5.24288e-13
0x46f345675ad1b27d140de6534e177a5fca4a0340,5.24288e-13
0xbb64d40dc902a193c649dc02f698ad78fbaa54ec,5.24288e-13
0x6735554964e7dec44dcd6ce3538fe0e90d262365,2.62144e-13
0x5c502fc2d8266f54f92b5e6b4d2255a8b8bfdef0,2.62144e-13
0x7f655256db9a964b2a2d9ae47969b422c0a102e3,2.62144e-13
0x4b5caad7eb356e9e3fa259c12adf21f22595e182,2.62144e-13
0xa3f901e9f7f41f5ae9ae5fcd99387f7e623e2329,2.62144e-13
0x9f109ef5d7d6372bd95992593f88762e18c88102,1.96608e-13
0x9571e1dd49adf9340853b2d9109147bcc0e06181,1.31072e-13
0x6f54d5767e2f0c6ff8d2d0fb92de987ccfbae307,1.31072e-13
0x963d48195006629408ebfd07c7f29e225027e611,1.31072e-13
0x259a5458f78d7f05e63e80921711300355fb2c39,1.31072e-13
0xf1cdea638b24931fc015bf6711c367fafb73575d,1.31072e-13
0x2a8ce0bb07e98e36ea1996f3da091acfb5ef8ae1,1.31072e-13
0x2c01b4ad51a67e2d8f02208f54df9ac4c0b778b6,6.5536e-14
0x15f5c6b518e4d44ef435ef7344b3fcbd9fc25502,6.5536e-14
0xd3123d0682f059fefd7fcb06369a07054facd6ca,6.5536e-14
0x29b63095238a03d803e1c50c91ebd42400ece169,6.5536e-14
0x22bfa757ca68089b2dfc22124946c4f60097258d,3.2768e-14
0x08bd30a42bb4bbfde4197b6c10865572b643856e,3.2768e-14
0xf152abda9e4ce8b134ef22dc3c6ace19c4895d82,3.072e-14
0x47b187e2c57ebc517906ac7b646285ac6f4e9351,2.048e-14
0x3b8cf8a1c7e761bc91fcb965cd74323ec137ae7d,1.6384e-14
0x6a2cee3a9c13db5918f82271c2663d1493daf60b,8.192e-15
0x159741eb348a5d8e9798afbad0ffb334a374726a,6.528e-15
0xad186c9ae4bb97d33d5b8ee4d27e59a60deafbeb,4.096e-15
0xd07eafabf350f55d6e24fea0e3a1dac6aea1f8d6,4.096e-15
0x8c241cf4898a2abea02f737ff4bd82c4e01809ba,2.048e-15
0x827ef9847473a177ac6da1ffb2415b8baa3f6eb8,1e-18
